{
    "Version": 5,
    "ElasticsearchWarning": true,
    "ResolverConfig": {
        "project": {
            "ConflictHandler": "AUTOMERGE",
            "ConflictDetection": "VERSION"
        },
        "models": {
            "AdresseUtilisateur": {
                "ConflictHandler": "AUTOMERGE",
                "ConflictDetection": "VERSION"
            },
            "Utilisateur": {
                "ConflictHandler": "AUTOMERGE",
                "ConflictDetection": "VERSION"
            }
        }
    },
    "StackMapping": {
        "UtilisateuradresseResolver": "ConnectionStack"
    }
}