{
    "bucketName": "omedom-docs",
    "authPolicyName": "s3_amplify_6a217762",
    "unauthPolicyName": "s3_amplify_6a217762",
    "authRoleName": {
        "Ref": "AuthRoleName"
    },
    "unauthRoleName": {
        "Ref": "UnauthRoleName"
    },
    "selectedGuestPermissions": [
        "s3:GetObject",
        "s3:ListBucket"
    ],
    "selectedAuthenticatedPermissions": [
        "s3:PutObject",
        "s3:GetObject",
        "s3:ListBucket",
        "s3:DeleteObject"
    ],
    "s3PermissionsAuthenticatedPublic": "s3:PutObject,s3:GetObject,s3:DeleteObject",
    "s3PublicPolicy": "Public_policy_56f7b71b",
    "s3PermissionsAuthenticatedUploads": "s3:PutObject",
    "s3UploadsPolicy": "Uploads_policy_56f7b71b",
    "s3PermissionsAuthenticatedProtected": "s3:PutObject,s3:GetObject,s3:DeleteObject",
    "s3ProtectedPolicy": "Protected_policy_56f7b71b",
    "s3PermissionsAuthenticatedPrivate": "s3:PutObject,s3:GetObject,s3:DeleteObject",
    "s3PrivatePolicy": "Private_policy_56f7b71b",
    "AuthenticatedAllowList": "ALLOW",
    "s3ReadPolicy": "read_policy_56f7b71b",
    "s3PermissionsGuestPublic": "DISALLOW",
    "s3PermissionsGuestUploads": "DISALLOW",
    "GuestAllowList": "DISALLOW",
    "triggerFunction": "S3Trigger9d22396d"
}