{
    "identityPoolName": "omedomfee3bfe0_identitypool_fee3bfe0",
    "allowUnauthenticatedIdentities": false,
    "resourceNameTruncated": "omedomfee3bfe0",
    "userPoolName": "omedomfee3bfe0_userpool_fee3bfe0",
    "autoVerifiedAttributes": [
        "email"
    ],
    "mfaConfiguration": "OFF",
    "mfaTypes": [
        "SMS Text Message"
    ],
    "smsAuthenticationMessage": "Your authentication code is {####}",
    "smsVerificationMessage": "Your verification code is {####}",
    "emailVerificationSubject": "Votre code de vérification OMEDOM",
    "emailVerificationMessage": "Votre code de vérification OMEDOM est {####}",
    "defaultPasswordPolicy": false,
    "passwordPolicyMinLength": 8,
    "passwordPolicyCharacters": [],
    "requiredAttributes": [
        "email"
    ],
    "userpoolClientGenerateSecret": false,
    "userpoolClientRefreshTokenValidity": 30,
    "userpoolClientWriteAttributes": [
        "family_name",
        "given_name",
        "phone_number",
        "email"
    ],
    "userpoolClientReadAttributes": [
        "email",
        "family_name",
        "given_name",
        "phone_number",
        "email_verified"
    ],
    "userpoolClientLambdaRole": "omedomfee3bfe0_userpoolclient_lambda_role",
    "userpoolClientSetAttributes": false,
    "sharedId": "fee3bfe0",
    "resourceName": "omedomfee3bfe0",
    "authSelections": "identityPoolAndUserPool",
    "authRoleArn": {
        "Fn::GetAtt": [
            "AuthRole",
            "Arn"
        ]
    },
    "unauthRoleArn": {
        "Fn::GetAtt": [
            "UnauthRole",
            "Arn"
        ]
    },
    "useDefault": "manual",
    "usernameAttributes": [
        "email"
    ],
    "userPoolGroupList": [],
    "serviceName": "Cognito",
    "usernameCaseSensitive": false,
    "dependsOn": [
        {
            "category": "function",
            "resourceName": "omedomfee3bfe0PostConfirmation",
            "triggerProvider": "Cognito",
            "attributes": [
                "Arn",
                "Name"
            ]
        }
    ],
    "thirdPartyAuth": false,
    "userPoolGroups": false,
    "adminQueries": false,
    "triggers": "{\n  \"PostConfirmation\": [\n    \"custom\"\n  ]\n}",
    "hostedUI": false,
    "parentStack": {
        "Ref": "AWS::StackId"
    },
    "breakCircularDependency": false,
    "permissions": [],
    "authProviders": []
}