{
  "trigger": true,
  "modules": [
    "custom"
  ],
  "parentResource": "omedomfee3bfe0",
  "functionName": "omedomfee3bfe0PostConfirmation",
  "resourceName": "omedomfee3bfe0PostConfirmation",
  "parentStack": "auth",
  "triggerEnvs": [],
  "triggerDir": "/Users/djbuch/.nvm/versions/node/v12.13.1/lib/node_modules/@aws-amplify/cli/node_modules/amplify-category-auth/provider-utils/awscloudformation/triggers/PostConfirmation",
  "triggerTemplate": "PostConfirmation.json.ejs",
  "triggerEventPath": "PostConfirmation.event.json",
  "roleName": "omedomfee3bfe0PostConfirmation",
  "skipEdit": true,
  "deploymentBucketName": "amplify-omedom-dev-175444-deployment",
  "s3Key": "amplify-builds/omedomfee3bfe0PostConfirmation-73517731353859796f48-build.zip",
  "enableCors": false
}