{
  "AWSTemplateFormatVersion": "2010-09-09",
  "Description": "Lambda Function resource stack creation using Amplify CLI",
  "Parameters": {
    "CloudWatchRule": {
      "Type": "String",
      "Default": "NONE",
      "Description": " Schedule Expression"
    },
    "deploymentBucketName": {
      "Type": "String"
    },
    "env": {
      "Type": "String"
    },
    "s3Key": {
      "Type": "String"
    },
    "apiomedomGraphQLAPIIdOutput": {
      "Type": "String",
      "Default": "apiomedomGraphQLAPIIdOutput"
    },
    "apiomedomGraphQLAPIEndpointOutput": {
      "Type": "String",
      "Default": "apiomedomGraphQLAPIEndpointOutput"
    },
    "apiomedomrestApiName": {
      "Type": "String",
      "Default": "apiomedomrestApiName"
    },
    "apiomedomrestApiId": {
      "Type": "String",
      "Default": "apiomedomrestApiId"
    },
    "functiongraphqllayerArn": {
      "Type": "String",
      "Default": "functiongraphqllayerArn"
    },
    "functionseslayerArn": {
      "Type": "String",
      "Default": "functionseslayerArn"
    }
  },
  "Conditions": {
    "ShouldNotCreateEnvResources": {
      "Fn::Equals": [
        {
          "Ref": "env"
        },
        "NONE"
      ]
    }
  },
  "Resources": {
    "LambdaFunction": {
      "Type": "AWS::Lambda::Function",
      "Metadata": {
        "aws:asset:path": "./src",
        "aws:asset:property": "Code"
      },
      "Properties": {
        "Code": {
          "S3Bucket": {
            "Ref": "deploymentBucketName"
          },
          "S3Key": {
            "Ref": "s3Key"
          }
        },
        "Handler": "index.handler",
        "FunctionName": {
          "Fn::If": [
            "ShouldNotCreateEnvResources",
            "shareRealEstate",
            {
              "Fn::Join": [
                "",
                [
                  "shareRealEstate",
                  "-",
                  {
                    "Ref": "env"
                  }
                ]
              ]
            }
          ]
        },
        "Environment": {
          "Variables": {
            "ENV": {
              "Ref": "env"
            },
            "REGION": {
              "Ref": "AWS::Region"
            },
            "API_OMEDOM_GRAPHQLAPIIDOUTPUT": {
              "Ref": "apiomedomGraphQLAPIIdOutput"
            },
            "API_OMEDOM_GRAPHQLAPIENDPOINTOUTPUT": {
              "Ref": "apiomedomGraphQLAPIEndpointOutput"
            },
            "API_OMEDOMREST_APINAME": {
              "Ref": "apiomedomrestApiName"
            },
            "API_OMEDOMREST_APIID": {
              "Ref": "apiomedomrestApiId"
            }
          }
        },
        "Role": {
          "Fn::GetAtt": [
            "LambdaExecutionRole",
            "Arn"
          ]
        },
        "Runtime": "nodejs14.x",
        "Layers": [
          {
            "Fn::Sub": "arn:aws:lambda:${AWS::Region}:${AWS::AccountId}:layer:seslayer-dev:8"
          },
          {
            "Fn::Sub": "arn:aws:lambda:${AWS::Region}:${AWS::AccountId}:layer:graphqllayer-dev:15"
          }
        ],
        "Timeout": "25"
      }
    },
    "LambdaExecutionRole": {
      "Type": "AWS::IAM::Role",
      "Properties": {
        "RoleName": {
          "Fn::If": [
            "ShouldNotCreateEnvResources",
            "omedomLambdaRolea1b74253",
            {
              "Fn::Join": [
                "",
                [
                  "omedomLambdaRolea1b74253",
                  "-",
                  {
                    "Ref": "env"
                  }
                ]
              ]
            }
          ]
        },
        "AssumeRolePolicyDocument": {
          "Version": "2012-10-17",
          "Statement": [
            {
              "Effect": "Allow",
              "Principal": {
                "Service": [
                  "lambda.amazonaws.com"
                ]
              },
              "Action": [
                "sts:AssumeRole"
              ]
            }
          ]
        }
      }
    },
    "lambdaexecutionpolicy": {
      "DependsOn": [
        "LambdaExecutionRole"
      ],
      "Type": "AWS::IAM::Policy",
      "Properties": {
        "PolicyName": "lambda-execution-policy",
        "Roles": [
          {
            "Ref": "LambdaExecutionRole"
          }
        ],
        "PolicyDocument": {
          "Version": "2012-10-17",
          "Statement": [
            {
              "Effect": "Allow",
              "Action": [
                "logs:CreateLogGroup",
                "logs:CreateLogStream",
                "logs:PutLogEvents"
              ],
              "Resource": {
                "Fn::Sub": [
                  "arn:aws:logs:${region}:${account}:log-group:/aws/lambda/${lambda}:log-stream:*",
                  {
                    "region": {
                      "Ref": "AWS::Region"
                    },
                    "account": {
                      "Ref": "AWS::AccountId"
                    },
                    "lambda": {
                      "Ref": "LambdaFunction"
                    }
                  }
                ]
              }
            }
          ]
        }
      }
    },
    "LambdaTriggerPolicyRealEstate": {
      "DependsOn": [
        "LambdaExecutionRole"
      ],
      "Type": "AWS::IAM::Policy",
      "Properties": {
        "PolicyName": "amplify-lambda-execution-policy-RealEstate",
        "Roles": [
          {
            "Ref": "LambdaExecutionRole"
          }
        ],
        "PolicyDocument": {
          "Version": "2012-10-17",
          "Statement": [
            {
              "Effect": "Allow",
              "Action": [
                "dynamodb:DescribeStream",
                "dynamodb:GetRecords",
                "dynamodb:GetShardIterator",
                "dynamodb:ListStreams"
              ],
              "Resource": {
                "Fn::ImportValue": {
                  "Fn::Sub": "${apiomedomGraphQLAPIIdOutput}:GetAtt:RealEstateTable:StreamArn"
                }
              }
            }
          ]
        }
      }
    },
    "LambdaEventSourceMappingRealEstate": {
      "Type": "AWS::Lambda::EventSourceMapping",
      "DependsOn": [
        "LambdaTriggerPolicyRealEstate",
        "LambdaExecutionRole"
      ],
      "Properties": {
        "BatchSize": 100,
        "Enabled": true,
        "EventSourceArn": {
          "Fn::ImportValue": {
            "Fn::Sub": "${apiomedomGraphQLAPIIdOutput}:GetAtt:RealEstateTable:StreamArn"
          }
        },
        "FunctionName": {
          "Fn::GetAtt": [
            "LambdaFunction",
            "Arn"
          ]
        },
        "StartingPosition": "LATEST"
      }
    },
    "LambdaTriggerPolicyPendingInvitation": {
      "DependsOn": [
        "LambdaExecutionRole"
      ],
      "Type": "AWS::IAM::Policy",
      "Properties": {
        "PolicyName": "amplify-lambda-execution-policy-PendingInvitation",
        "Roles": [
          {
            "Ref": "LambdaExecutionRole"
          }
        ],
        "PolicyDocument": {
          "Version": "2012-10-17",
          "Statement": [
            {
              "Effect": "Allow",
              "Action": [
                "dynamodb:DescribeStream",
                "dynamodb:GetRecords",
                "dynamodb:GetShardIterator",
                "dynamodb:ListStreams"
              ],
              "Resource": {
                "Fn::ImportValue": {
                  "Fn::Sub": "${apiomedomGraphQLAPIIdOutput}:GetAtt:PendingInvitationTable:StreamArn"
                }
              }
            }
          ]
        }
      }
    },
    "LambdaEventSourceMappingPendingInvitation": {
      "Type": "AWS::Lambda::EventSourceMapping",
      "DependsOn": [
        "LambdaTriggerPolicyPendingInvitation",
        "LambdaExecutionRole"
      ],
      "Properties": {
        "BatchSize": 100,
        "Enabled": true,
        "EventSourceArn": {
          "Fn::ImportValue": {
            "Fn::Sub": "${apiomedomGraphQLAPIIdOutput}:GetAtt:PendingInvitationTable:StreamArn"
          }
        },
        "FunctionName": {
          "Fn::GetAtt": [
            "LambdaFunction",
            "Arn"
          ]
        },
        "StartingPosition": "LATEST"
      }
    },
    "AmplifyResourcesPolicy": {
      "DependsOn": [
        "LambdaExecutionRole"
      ],
      "Type": "AWS::IAM::Policy",
      "Properties": {
        "PolicyName": "amplify-lambda-execution-policy",
        "Roles": [
          {
            "Ref": "LambdaExecutionRole"
          }
        ],
        "PolicyDocument": {
          "Version": "2012-10-17",
          "Statement": [
            {
              "Effect": "Allow",
              "Action": [
                "appsync:GraphQL"
              ],
              "Resource": [
                {
                  "Fn::Join": [
                    "",
                    [
                      "arn:aws:appsync:",
                      {
                        "Ref": "AWS::Region"
                      },
                      ":",
                      {
                        "Ref": "AWS::AccountId"
                      },
                      ":apis/",
                      {
                        "Ref": "apiomedomGraphQLAPIIdOutput"
                      },
                      "/types/Query/*"
                    ]
                  ]
                },
                {
                  "Fn::Join": [
                    "",
                    [
                      "arn:aws:appsync:",
                      {
                        "Ref": "AWS::Region"
                      },
                      ":",
                      {
                        "Ref": "AWS::AccountId"
                      },
                      ":apis/",
                      {
                        "Ref": "apiomedomGraphQLAPIIdOutput"
                      },
                      "/types/Mutation/*"
                    ]
                  ]
                }
              ]
            },
            {
              "Effect": "Allow",
              "Action": [
                "apigateway:POST",
                "apigateway:PUT",
                "apigateway:GET",
                "apigateway:HEAD",
                "apigateway:OPTIONS",
                "apigateway:PATCH",
                "apigateway:DELETE"
              ],
              "Resource": [
                {
                  "Fn::Join": [
                    "",
                    [
                      "arn:aws:apigateway:",
                      {
                        "Ref": "AWS::Region"
                      },
                      "::/restapis/",
                      {
                        "Ref": "apiomedomrestApiName"
                      },
                      "/*"
                    ]
                  ]
                }
              ]
            }
          ]
        }
      }
    }
  },
  "Outputs": {
    "Name": {
      "Value": {
        "Ref": "LambdaFunction"
      }
    },
    "Arn": {
      "Value": {
        "Fn::GetAtt": [
          "LambdaFunction",
          "Arn"
        ]
      }
    },
    "Region": {
      "Value": {
        "Ref": "AWS::Region"
      }
    },
    "LambdaExecutionRole": {
      "Value": {
        "Ref": "LambdaExecutionRole"
      }
    }
  }
}