{
  "providers": {
    "awscloudformation": {
      "AuthRoleName": "amplify-omedom-dev-175444-authRole",
      "UnauthRoleArn": "arn:aws:iam::459088793760:role/amplify-omedom-dev-175444-unauthRole",
      "AuthRoleArn": "arn:aws:iam::459088793760:role/amplify-omedom-dev-175444-authRole",
      "Region": "eu-west-2",
      "DeploymentBucketName": "amplify-omedom-dev-175444-deployment",
      "UnauthRoleName": "amplify-omedom-dev-175444-unauthRole",
      "StackName": "amplify-omedom-dev-175444",
      "StackId": "arn:aws:cloudformation:eu-west-2:459088793760:stack/amplify-omedom-dev-175444/683f6180-9ba7-11eb-ace1-0a2c9ae353be",
      "AmplifyAppId": "d30hdg2j9ii9ct",
      "APIGatewayAuthURL": "https://s3.amazonaws.com/amplify-omedom-dev-175444-deployment/amplify-cfn-templates/api/APIGatewayAuthStack.json"
    }
  },
  "auth": {
    "omedomfee3bfe0": {
      "service": "Cognito",
      "providerPlugin": "awscloudformation",
      "customAuth": false,
      "output": {
        "UserPoolId": "eu-west-2_f3onOurMk",
        "AppClientIDWeb": "3h55fjnrbrqsn1edu6knts97vm",
        "AppClientID": "3u1jkhf7mgt10t8j4nhjn7nbmm",
        "IdentityPoolId": "eu-west-2:45fe023b-cb2b-4349-998e-89c87881b869",
        "IdentityPoolName": "omedomfee3bfe0_identitypool_fee3bfe0__dev",
        "UserPoolName": "omedomfee3bfe0_userpool_fee3bfe0",
        "UserPoolArn": "arn:aws:cognito-idp:eu-west-2:459088793760:userpool/eu-west-2_f3onOurMk"
      },
      "lastPushTimeStamp": "2021-06-17T08:48:30.313Z",
      "providerMetadata": {
        "s3TemplateURL": "https://s3.amazonaws.com/amplify-omedom-dev-175444-deployment/amplify-cfn-templates/auth/omedomfee3bfe0-cloudformation-template.yml",
        "logicalId": "authomedomfee3bfe0"
      },
      "lastPushDirHash": "Xj3SNQZNqVLNv7BLAMb0WKW+foY=",
      "dependsOn": [
        {
          "category": "function",
          "resourceName": "omedomfee3bfe0PostConfirmation",
          "triggerProvider": "Cognito",
          "attributes": [
            "Arn",
            "Name"
          ]
        }
      ]
    }
  },
  "api": {
    "omedom": {
      "service": "AppSync",
      "providerPlugin": "awscloudformation",
      "output": {
        "authConfig": {
          "defaultAuthentication": {
            "authenticationType": "AMAZON_COGNITO_USER_POOLS",
            "userPoolConfig": {
              "userPoolId": "authomedomfee3bfe0"
            }
          },
          "additionalAuthenticationProviders": [
            {
              "authenticationType": "AWS_IAM"
            }
          ]
        },
        "GraphQLAPIIdOutput": "6tt4rwpr3bauzm54uecptnfmaq",
        "GraphQLAPIEndpointOutput": "https://k5pp7tjnzzao5muad4rwhpuc2q.appsync-api.eu-west-2.amazonaws.com/graphql"
      },
      "lastPushTimeStamp": "2021-06-17T08:48:30.316Z",
      "providerMetadata": {
        "s3TemplateURL": "https://s3.amazonaws.com/amplify-omedom-dev-175444-deployment/amplify-cfn-templates/api/cloudformation-template.json",
        "logicalId": "apiomedom"
      },
      "lastPushDirHash": "1EaelRky0bvrNkbUBpmQDsBswLw="
    },
    "omedomrest": {
      "service": "API Gateway",
      "providerPlugin": "awscloudformation",
      "dependsOn": [
        {
          "category": "function",
          "resourceName": "transactionWebHook",
          "attributes": [
            "Name",
            "Arn"
          ]
        },
        {
          "category": "function",
          "resourceName": "budgetinsight",
          "attributes": [
            "Name",
            "Arn"
          ]
        }
      ],
      "providerMetadata": {
        "s3TemplateURL": "https://s3.amazonaws.com/amplify-omedom-dev-175444-deployment/amplify-cfn-templates/api/omedomrest-cloudformation-template.json",
        "logicalId": "apiomedomrest"
      },
      "lastPushTimeStamp": "2021-06-17T08:48:30.318Z",
      "output": {
        "ApiName": "omedomrest",
        "RootUrl": "https://0patt7mbe7.execute-api.eu-west-2.amazonaws.com/dev",
        "ApiId": "0patt7mbe7"
      },
      "lastPushDirHash": "wYssjamZI48F44MJ27DI0t5OFfY="
    }
  },
  "storage": {
    "omedomdoc": {
      "service": "S3",
      "providerPlugin": "awscloudformation",
      "output": {
        "BucketName": "omedom1347874f289a4e65bdc1b3b0ed8f073c175444-dev",
        "Region": "eu-west-2"
      },
      "lastPushTimeStamp": "2021-06-17T08:48:30.320Z",
      "providerMetadata": {
        "s3TemplateURL": "https://s3.amazonaws.com/amplify-omedom-dev-175444-deployment/amplify-cfn-templates/storage/s3-cloudformation-template.json",
        "logicalId": "storageomedomdoc"
      }
    }
  },
  "function": {
    "transactionWebHook": {
      "build": true,
      "providerPlugin": "awscloudformation",
      "service": "Lambda",
      "output": {
        "Region": "eu-west-2",
        "Arn": "arn:aws:lambda:eu-west-2:459088793760:function:transactionWebHook-dev",
        "Name": "transactionWebHook-dev",
        "LambdaExecutionRole": "omedomLambdaRole9fb3192a-dev"
      },
      "lastPushTimeStamp": "2021-06-17T08:48:30.321Z",
      "providerMetadata": {
        "s3TemplateURL": "https://s3.amazonaws.com/amplify-omedom-dev-175444-deployment/amplify-cfn-templates/function/transactionWebHook-cloudformation-template.json",
        "logicalId": "functiontransactionWebHook"
      },
      "s3Bucket": {
        "deploymentBucketName": "amplify-omedom-dev-175444-deployment",
        "s3Key": "amplify-builds/transactionWebHook-616e326d4c786e4d594b-build.zip"
      },
      "dependsOn": [
        {
          "category": "function",
          "resourceName": "budgetinsightlayer",
          "attributes": [
            "Arn"
          ]
        },
        {
          "category": "function",
          "resourceName": "graphqllayer",
          "attributes": [
            "Arn"
          ]
        },
        {
          "category": "auth",
          "resourceName": "omedomfee3bfe0",
          "attributes": [
            "UserPoolId"
          ]
        },
        {
          "category": "api",
          "resourceName": "omedom",
          "attributes": [
            "GraphQLAPIIdOutput",
            "GraphQLAPIEndpointOutput"
          ]
        }
      ],
      "lastBuildTimeStamp": "2021-06-10T12:56:51.932Z",
      "lastPackageTimeStamp": "2021-06-10T12:56:51.994Z",
      "distZipFilename": "transactionWebHook-616e326d4c786e4d594b-build.zip",
      "lastPushDirHash": "H7yegWqxkYh4YZKRUSixFoncJZQ="
    },
    "budgetinsight": {
      "build": true,
      "providerPlugin": "awscloudformation",
      "service": "Lambda",
      "dependsOn": [
        {
          "category": "function",
          "resourceName": "budgetinsightlayer",
          "attributes": [
            "Arn"
          ]
        },
        {
          "category": "function",
          "resourceName": "graphqllayer",
          "attributes": [
            "Arn"
          ]
        },
        {
          "category": "auth",
          "resourceName": "omedomfee3bfe0",
          "attributes": [
            "UserPoolId"
          ]
        },
        {
          "category": "api",
          "resourceName": "omedom",
          "attributes": [
            "GraphQLAPIIdOutput",
            "GraphQLAPIEndpointOutput"
          ]
        }
      ],
      "lastBuildTimeStamp": "2021-06-10T02:57:47.202Z",
      "lastPackageTimeStamp": "2021-06-10T02:57:47.362Z",
      "distZipFilename": "budgetinsight-4c6556334a4732314158-build.zip",
      "s3Bucket": {
        "deploymentBucketName": "amplify-omedom-dev-175444-deployment",
        "s3Key": "amplify-builds/budgetinsight-4c6556334a4732314158-build.zip"
      },
      "providerMetadata": {
        "s3TemplateURL": "https://s3.amazonaws.com/amplify-omedom-dev-175444-deployment/amplify-cfn-templates/function/budgetinsight-cloudformation-template.json",
        "logicalId": "functionbudgetinsight"
      },
      "lastPushTimeStamp": "2021-06-17T08:48:30.322Z",
      "output": {
        "Region": "eu-west-2",
        "Arn": "arn:aws:lambda:eu-west-2:459088793760:function:budgetinsight-dev",
        "Name": "budgetinsight-dev",
        "LambdaExecutionRole": "omedomLambdaRole24a4db36-dev"
      },
      "lastPushDirHash": "5pkzAGaTuZqlj/EfKsB7atEzxZY="
    },
    "budgetinsightlayer": {
      "providerPlugin": "awscloudformation",
      "service": "LambdaLayer",
      "build": true,
      "lastPackageTimeStamp": "2021-06-17T08:43:48.316Z",
      "distZipFilename": "budgetinsightlayer-LambdaLayerVersion383db8aa-build.zip",
      "s3Bucket": {
        "deploymentBucketName": "amplify-omedom-dev-175444-deployment",
        "s3Key": "amplify-builds/budgetinsightlayer-LambdaLayerVersion383db8aa-build.zip"
      },
      "providerMetadata": {
        "s3TemplateURL": "https://s3.amazonaws.com/amplify-omedom-dev-175444-deployment/amplify-cfn-templates/function/budgetinsightlayer-awscloudformation-template.json",
        "logicalId": "functionbudgetinsightlayer"
      },
      "lastPushTimeStamp": "2021-06-17T08:48:30.324Z",
      "output": {
        "Region": "eu-west-2",
        "Arn": "arn:aws:lambda:eu-west-2:459088793760:layer:budgetinsightlayer-dev:13"
      },
      "lastPushDirHash": "IRf3kOQq6E9vgH1CrABoXlx9VO8=",
      "latestPushedVersionHash": "79ed98815efa8047fd9d43319091477465fcb10e665178b9186b6f0b1aaae0b7",
      "lastBuildTimeStamp": "2021-06-17T08:43:46.273Z"
    },
    "shareRealEstate": {
      "build": true,
      "providerPlugin": "awscloudformation",
      "service": "Lambda",
      "dependsOn": [
        {
          "category": "api",
          "resourceName": "omedom",
          "attributes": [
            "GraphQLAPIIdOutput",
            "GraphQLAPIEndpointOutput"
          ]
        },
        {
          "category": "api",
          "resourceName": "omedomrest",
          "attributes": [
            "ApiName",
            "ApiId"
          ]
        },
        {
          "category": "function",
          "resourceName": "graphqllayer",
          "attributes": [
            "Arn"
          ]
        },
        {
          "category": "function",
          "resourceName": "seslayer",
          "attributes": [
            "Arn"
          ]
        }
      ],
      "lastBuildTimeStamp": "2021-06-11T13:43:44.274Z",
      "lastPackageTimeStamp": "2021-06-11T13:43:44.304Z",
      "distZipFilename": "shareRealEstate-6e34614567334859736e-build.zip",
      "s3Bucket": {
        "deploymentBucketName": "amplify-omedom-dev-175444-deployment",
        "s3Key": "amplify-builds/shareRealEstate-6e34614567334859736e-build.zip"
      },
      "providerMetadata": {
        "s3TemplateURL": "https://s3.amazonaws.com/amplify-omedom-dev-175444-deployment/amplify-cfn-templates/function/shareRealEstate-cloudformation-template.json",
        "logicalId": "functionshareRealEstate"
      },
      "lastPushTimeStamp": "2021-06-17T08:48:30.325Z",
      "output": {
        "Region": "eu-west-2",
        "Arn": "arn:aws:lambda:eu-west-2:459088793760:function:shareRealEstate-dev",
        "Name": "shareRealEstate-dev",
        "LambdaExecutionRole": "omedomLambdaRolea1b74253-dev"
      },
      "lastPushDirHash": "epa206Jxlqrnov/wv5rZzUE28qc="
    },
    "omedomfee3bfe0PostConfirmation": {
      "build": true,
      "providerPlugin": "awscloudformation",
      "service": "Lambda",
      "lastBuildTimeStamp": "2021-06-08T23:06:51.079Z",
      "lastPackageTimeStamp": "2021-06-08T23:06:51.901Z",
      "distZipFilename": "omedomfee3bfe0PostConfirmation-73517731353859796f48-build.zip",
      "s3Bucket": {
        "deploymentBucketName": "amplify-omedom-dev-175444-deployment",
        "s3Key": "amplify-builds/omedomfee3bfe0PostConfirmation-73517731353859796f48-build.zip"
      },
      "providerMetadata": {
        "s3TemplateURL": "https://s3.amazonaws.com/amplify-omedom-dev-175444-deployment/amplify-cfn-templates/function/omedomfee3bfe0PostConfirmation-cloudformation-template.json",
        "logicalId": "functionomedomfee3bfe0PostConfirmation"
      },
      "lastPushTimeStamp": "2021-06-17T08:48:30.327Z",
      "output": {
        "Region": "eu-west-2",
        "Arn": "arn:aws:lambda:eu-west-2:459088793760:function:omedomfee3bfe0PostConfirmation-dev",
        "Name": "omedomfee3bfe0PostConfirmation-dev",
        "LambdaExecutionRole": "omedomfee3bfe0PostConfirmation-dev"
      },
      "lastPushDirHash": "7xjKofgWQmuZ7u2PdcIFx6z7+1U="
    },
    "graphqllayer": {
      "providerPlugin": "awscloudformation",
      "service": "LambdaLayer",
      "build": true,
      "lastPackageTimeStamp": "2021-06-17T08:43:50.890Z",
      "distZipFilename": "graphqllayer-LambdaLayerVersion383db8aa-build.zip",
      "s3Bucket": {
        "deploymentBucketName": "amplify-omedom-dev-175444-deployment",
        "s3Key": "amplify-builds/graphqllayer-LambdaLayerVersion383db8aa-build.zip"
      },
      "providerMetadata": {
        "s3TemplateURL": "https://s3.amazonaws.com/amplify-omedom-dev-175444-deployment/amplify-cfn-templates/function/graphqllayer-awscloudformation-template.json",
        "logicalId": "functiongraphqllayer"
      },
      "lastPushTimeStamp": "2021-06-17T08:48:30.328Z",
      "output": {
        "Region": "eu-west-2",
        "Arn": "arn:aws:lambda:eu-west-2:459088793760:layer:graphqllayer-dev:17"
      },
      "lastPushDirHash": "SXl13ZxPqGe9rjquHcrzsyROvMg=",
      "latestPushedVersionHash": "eb1db85f221a389975330214bb5e5e1a1960f77dbf41a32e434a8e6ab7629612",
      "lastBuildTimeStamp": "2021-06-17T08:43:46.276Z"
    },
    "seslayer": {
      "providerPlugin": "awscloudformation",
      "service": "LambdaLayer",
      "build": true,
      "lastPackageTimeStamp": "2021-06-17T08:43:47.026Z",
      "distZipFilename": "seslayer-LambdaLayerVersion9f23f8d6-build.zip",
      "s3Bucket": {
        "deploymentBucketName": "amplify-omedom-dev-175444-deployment",
        "s3Key": "amplify-builds/seslayer-LambdaLayerVersion9f23f8d6-build.zip"
      },
      "providerMetadata": {
        "s3TemplateURL": "https://s3.amazonaws.com/amplify-omedom-dev-175444-deployment/amplify-cfn-templates/function/seslayer-awscloudformation-template.json",
        "logicalId": "functionseslayer"
      },
      "lastPushTimeStamp": "2021-06-17T08:48:30.330Z",
      "output": {
        "Region": "eu-west-2",
        "Arn": "arn:aws:lambda:eu-west-2:459088793760:layer:seslayer-dev:12"
      },
      "lastPushDirHash": "ziEhqQ5krq9F8M/CdXFpXoJcCSM=",
      "latestPushedVersionHash": "5bf9994c683076cb6dbe51c57fd08faae82c674eae29decb57421ecb8dbe2f64",
      "lastBuildTimeStamp": "2021-06-17T08:43:46.278Z"
    },
    "waitingUser": {
      "build": true,
      "providerPlugin": "awscloudformation",
      "service": "Lambda",
      "dependsOn": [
        {
          "category": "function",
          "resourceName": "graphqllayer",
          "attributes": [
            "Arn"
          ]
        },
        {
          "category": "api",
          "resourceName": "omedom",
          "attributes": [
            "GraphQLAPIIdOutput",
            "GraphQLAPIEndpointOutput"
          ]
        }
      ],
      "lastBuildTimeStamp": "2021-06-17T08:46:57.244Z",
      "lastPackageTimeStamp": "2021-06-17T08:46:57.271Z",
      "distZipFilename": "waitingUser-78677372704c38744475-build.zip",
      "s3Bucket": {
        "deploymentBucketName": "amplify-omedom-dev-175444-deployment",
        "s3Key": "amplify-builds/waitingUser-78677372704c38744475-build.zip"
      },
      "providerMetadata": {
        "s3TemplateURL": "https://s3.amazonaws.com/amplify-omedom-dev-175444-deployment/amplify-cfn-templates/function/waitingUser-cloudformation-template.json",
        "logicalId": "functionwaitingUser"
      },
      "lastPushTimeStamp": "2021-06-17T08:48:30.335Z",
      "output": {
        "Region": "eu-west-2",
        "Arn": "arn:aws:lambda:eu-west-2:459088793760:function:waitingUser-dev",
        "Name": "waitingUser-dev",
        "LambdaExecutionRole": "omedomLambdaRole6ea118b3-dev"
      },
      "lastPushDirHash": "dIhM0ef/9dd1BS6St30Pqv97oDk="
    },
    "omedomtest": {
      "providerPlugin": "awscloudformation",
      "service": "LambdaLayer",
      "build": true,
      "lastBuildTimeStamp": "2021-06-17T08:43:46.271Z",
      "lastPackageTimeStamp": "2021-06-17T08:43:46.380Z",
      "distZipFilename": "omedomtest-LambdaLayerVersionaad87453-build.zip",
      "latestPushedVersionHash": "71c1cd07276870f44e516356e6a14b5496587cf39273f91b3536eb17fcad0bab",
      "s3Bucket": {
        "deploymentBucketName": "amplify-omedom-dev-175444-deployment",
        "s3Key": "amplify-builds/omedomtest-LambdaLayerVersionaad87453-build.zip"
      },
      "providerMetadata": {
        "s3TemplateURL": "https://s3.amazonaws.com/amplify-omedom-dev-175444-deployment/amplify-cfn-templates/function/omedomtest-awscloudformation-template.json",
        "logicalId": "functionomedomtest"
      },
      "lastPushTimeStamp": "2021-06-17T08:48:30.332Z",
      "output": {
        "Arn": "arn:aws:lambda:eu-west-2:459088793760:layer:omedomtest-dev:1"
      }
    }
  }
}