{
  "auth": {
    "omedomfee3bfe0": {
      "service": "Cognito",
      "providerPlugin": "awscloudformation",
      "customAuth": false,
      "dependsOn": [
        {
          "category": "function",
          "resourceName": "omedomfee3bfe0PostConfirmation",
          "triggerProvider": "Cognito",
          "attributes": [
            "Arn",
            "Name"
          ]
        }
      ]
    }
  },
  "api": {
    "omedom": {
      "service": "AppSync",
      "providerPlugin": "awscloudformation",
      "output": {
        "authConfig": {
          "defaultAuthentication": {
            "authenticationType": "AMAZON_COGNITO_USER_POOLS",
            "userPoolConfig": {
              "userPoolId": "authomedomfee3bfe0"
            }
          },
          "additionalAuthenticationProviders": [
            {
              "authenticationType": "AWS_IAM"
            }
          ]
        }
      }
    },
    "omedomrest": {
      "service": "API Gateway",
      "providerPlugin": "awscloudformation",
      "dependsOn": [
        {
          "category": "function",
          "resourceName": "transactionWebHook",
          "attributes": [
            "Name",
            "Arn"
          ]
        },
        {
          "category": "function",
          "resourceName": "budgetinsight",
          "attributes": [
            "Name",
            "Arn"
          ]
        }
      ]
    }
  },
  "storage": {
    "omedomdoc": {
      "service": "S3",
      "providerPlugin": "awscloudformation"
    }
  },
  "function": {
    "transactionWebHook": {
      "build": true,
      "providerPlugin": "awscloudformation",
      "service": "Lambda",
      "dependsOn": [
        {
          "category": "function",
          "resourceName": "budgetinsightlayer",
          "attributes": [
            "Arn"
          ]
        },
        {
          "category": "function",
          "resourceName": "graphqllayer",
          "attributes": [
            "Arn"
          ]
        },
        {
          "category": "auth",
          "resourceName": "omedomfee3bfe0",
          "attributes": [
            "UserPoolId"
          ]
        },
        {
          "category": "api",
          "resourceName": "omedom",
          "attributes": [
            "GraphQLAPIIdOutput",
            "GraphQLAPIEndpointOutput"
          ]
        }
      ]
    },
    "budgetinsight": {
      "build": true,
      "providerPlugin": "awscloudformation",
      "service": "Lambda",
      "dependsOn": [
        {
          "category": "function",
          "resourceName": "budgetinsightlayer",
          "attributes": [
            "Arn"
          ]
        },
        {
          "category": "function",
          "resourceName": "graphqllayer",
          "attributes": [
            "Arn"
          ]
        },
        {
          "category": "auth",
          "resourceName": "omedomfee3bfe0",
          "attributes": [
            "UserPoolId"
          ]
        },
        {
          "category": "api",
          "resourceName": "omedom",
          "attributes": [
            "GraphQLAPIIdOutput",
            "GraphQLAPIEndpointOutput"
          ]
        }
      ]
    },
    "budgetinsightlayer": {
      "providerPlugin": "awscloudformation",
      "service": "LambdaLayer",
      "build": true
    },
    "shareRealEstate": {
      "build": true,
      "providerPlugin": "awscloudformation",
      "service": "Lambda",
      "dependsOn": [
        {
          "category": "api",
          "resourceName": "omedom",
          "attributes": [
            "GraphQLAPIIdOutput",
            "GraphQLAPIEndpointOutput"
          ]
        },
        {
          "category": "api",
          "resourceName": "omedomrest",
          "attributes": [
            "ApiName",
            "ApiId"
          ]
        },
        {
          "category": "function",
          "resourceName": "graphqllayer",
          "attributes": [
            "Arn"
          ]
        },
        {
          "category": "function",
          "resourceName": "seslayer",
          "attributes": [
            "Arn"
          ]
        }
      ]
    },
    "omedomfee3bfe0PostConfirmation": {
      "build": true,
      "providerPlugin": "awscloudformation",
      "service": "Lambda"
    },
    "graphqllayer": {
      "providerPlugin": "awscloudformation",
      "service": "LambdaLayer",
      "build": true
    },
    "seslayer": {
      "providerPlugin": "awscloudformation",
      "service": "LambdaLayer",
      "build": true
    },
    "waitingUser": {
      "build": true,
      "providerPlugin": "awscloudformation",
      "service": "Lambda",
      "dependsOn": [
        {
          "category": "function",
          "resourceName": "graphqllayer",
          "attributes": [
            "Arn"
          ]
        },
        {
          "category": "api",
          "resourceName": "omedom",
          "attributes": [
            "GraphQLAPIIdOutput",
            "GraphQLAPIEndpointOutput"
          ]
        }
      ]
    },
    "omedomtest": {
      "providerPlugin": "awscloudformation",
      "service": "LambdaLayer",
      "build": true
    }
  }
}