{
  "AWSTemplateFormatVersion": "2010-09-09",
  "Description": "Lambda layer resource stack creation using Amplify CLI",
  "Parameters": {
    "env": {
      "Type": "String"
    },
    "deploymentBucketName": {
      "Type": "String"
    },
    "s3Key": {
      "Type": "String"
    },
    "description": {
      "Type": "String",
      "Default": ""
    },
    "runtimes": {
      "Type": "List<String>"
    }
  },
  "Resources": {
    "LambdaLayerVersion9f23f8d6": {
      "Type": "AWS::Lambda::LayerVersion",
      "Properties": {
        "CompatibleRuntimes": {
          "Ref": "runtimes"
        },
        "Content": {
          "S3Bucket": {
            "Ref": "deploymentBucketName"
          },
          "S3Key": {
            "Ref": "s3Key"
          }
        },
        "Description": {
          "Ref": "description"
        },
        "LayerName": {
          "Fn::Sub": [
            "seslayer-${env}",
            {
              "env": {
                "Ref": "env"
              }
            }
          ]
        }
      },
      "DeletionPolicy": "Delete",
      "UpdateReplacePolicy": "Retain"
    },
    "LambdaLayerPermissionPrivate9f23f8d6": {
      "Type": "AWS::Lambda::LayerVersionPermission",
      "Properties": {
        "Action": "lambda:GetLayerVersion",
        "LayerVersionArn": {
          "Ref": "LambdaLayerVersion9f23f8d6"
        },
        "Principal": {
          "Ref": "AWS::AccountId"
        }
      }
    },
    "LambdaLayerPermissionPrivateLegacy11": {
      "Type": "AWS::Lambda::LayerVersionPermission",
      "Properties": {
        "Action": "lambda:GetLayerVersion",
        "LayerVersionArn": "arn:aws:lambda:eu-west-2:459088793760:layer:seslayer-dev:11",
        "Principal": {
          "Ref": "AWS::AccountId"
        }
      }
    },
    "LambdaLayerPermissionPrivateLegacy10": {
      "Type": "AWS::Lambda::LayerVersionPermission",
      "Properties": {
        "Action": "lambda:GetLayerVersion",
        "LayerVersionArn": "arn:aws:lambda:eu-west-2:459088793760:layer:seslayer-dev:10",
        "Principal": {
          "Ref": "AWS::AccountId"
        }
      }
    },
    "LambdaLayerPermissionPrivateLegacy9": {
      "Type": "AWS::Lambda::LayerVersionPermission",
      "Properties": {
        "Action": "lambda:GetLayerVersion",
        "LayerVersionArn": "arn:aws:lambda:eu-west-2:459088793760:layer:seslayer-dev:9",
        "Principal": {
          "Ref": "AWS::AccountId"
        }
      }
    },
    "LambdaLayerPermissionPrivateLegacy8": {
      "Type": "AWS::Lambda::LayerVersionPermission",
      "Properties": {
        "Action": "lambda:GetLayerVersion",
        "LayerVersionArn": "arn:aws:lambda:eu-west-2:459088793760:layer:seslayer-dev:8",
        "Principal": {
          "Ref": "AWS::AccountId"
        }
      }
    },
    "LambdaLayerPermissionPrivateLegacy7": {
      "Type": "AWS::Lambda::LayerVersionPermission",
      "Properties": {
        "Action": "lambda:GetLayerVersion",
        "LayerVersionArn": "arn:aws:lambda:eu-west-2:459088793760:layer:seslayer-dev:7",
        "Principal": {
          "Ref": "AWS::AccountId"
        }
      }
    },
    "LambdaLayerPermissionPrivateLegacy6": {
      "Type": "AWS::Lambda::LayerVersionPermission",
      "Properties": {
        "Action": "lambda:GetLayerVersion",
        "LayerVersionArn": "arn:aws:lambda:eu-west-2:459088793760:layer:seslayer-dev:6",
        "Principal": {
          "Ref": "AWS::AccountId"
        }
      }
    },
    "LambdaLayerPermissionPrivateLegacy5": {
      "Type": "AWS::Lambda::LayerVersionPermission",
      "Properties": {
        "Action": "lambda:GetLayerVersion",
        "LayerVersionArn": "arn:aws:lambda:eu-west-2:459088793760:layer:seslayer-dev:5",
        "Principal": {
          "Ref": "AWS::AccountId"
        }
      }
    },
    "LambdaLayerPermissionPrivateLegacy4": {
      "Type": "AWS::Lambda::LayerVersionPermission",
      "Properties": {
        "Action": "lambda:GetLayerVersion",
        "LayerVersionArn": "arn:aws:lambda:eu-west-2:459088793760:layer:seslayer-dev:4",
        "Principal": {
          "Ref": "AWS::AccountId"
        }
      }
    },
    "LambdaLayerPermissionPrivateLegacy3": {
      "Type": "AWS::Lambda::LayerVersionPermission",
      "Properties": {
        "Action": "lambda:GetLayerVersion",
        "LayerVersionArn": "arn:aws:lambda:eu-west-2:459088793760:layer:seslayer-dev:3",
        "Principal": {
          "Ref": "AWS::AccountId"
        }
      }
    },
    "LambdaLayerPermissionPrivateLegacy2": {
      "Type": "AWS::Lambda::LayerVersionPermission",
      "Properties": {
        "Action": "lambda:GetLayerVersion",
        "LayerVersionArn": "arn:aws:lambda:eu-west-2:459088793760:layer:seslayer-dev:2",
        "Principal": {
          "Ref": "AWS::AccountId"
        }
      }
    },
    "LambdaLayerPermissionPrivateLegacy1": {
      "Type": "AWS::Lambda::LayerVersionPermission",
      "Properties": {
        "Action": "lambda:GetLayerVersion",
        "LayerVersionArn": "arn:aws:lambda:eu-west-2:459088793760:layer:seslayer-dev:1",
        "Principal": {
          "Ref": "AWS::AccountId"
        }
      }
    }
  },
  "Outputs": {
    "Arn": {
      "Value": {
        "Ref": "LambdaLayerVersion9f23f8d6"
      }
    }
  }
}